id,title,price,img,category,subcategory,handedness,colors,custom_color_fee,pickup_configs,description,color_images,status,tag,discount
tele-ash-1,Telecaster Ash Body,179.99,images/telecaster1.jpg,telecaster,classic,both,Black|White|Sunburst|Natural,25,,Premium ash body,,,New,
strat-walnut-1,Stratocaster Walnut Body,210.99,images/stratocaster1.jpg,stratocaster,standard-sss,both,Black|White|Sunburst,25,SSS,Beautiful walnut body,Black:images/Stratocaster_white_blank.png|White:images/Stratocaster_white_hexagon.png,in-stock,On Sale,15
jazz-alder-1,Jazzmaster Alder Body,199.99,images/jazzmaster1.jpg,jazzmaster,classic,both,Black|White|Sunburst,25,,Classic Jazzmaster body,,,New,10
strat-hss-1,Stratocaster HSS Body,215.99,images/Stratocaster_white_blank.png,stratocaster,standard-hss,both,Black|White|Red|Sunburst,30,HSS,Versatile HSS configuration,Black:images/Stratocaster_white_blank.png|White:images/Stratocaster_white_hexagon.png|Red:images/Stratocaster_white_cannabis.png,in-stock,,
strat-sss-1,Stratocaster SSS Body,205.99,images/Stratocaster_white_hexagon.png,stratocaster,standard-sss,right,Black|White|Sunburst,25,SSS,Classic SSS layout,,,On Sale,20
tele-modern-1,Modern Telecaster Body,189.99,images/Telecaster_white_blank.png,telecaster,modern,both,Black|White|Blue|Red,30,,Modern Telecaster body,White:images/Telecaster_white_hexagon.png|Blue:images/Telecaster_white_cannabis.png,made-to-order,,
strat-hollow-1,Hollow Stratocaster Body,245.99,images/Stratocaster_white_hollow.png,stratocaster,hollow,left,Black|Natural,35,,Lightweight hollow design,,preorder,,
jazz-offset-1,Jazzmaster Offset Body,219.99,images/jazzmaster1.jpg,jazzmaster,offset,both,Black|White|Sunburst,25,,Unique offset shape,,,New,
strat-hss-normal,Stratocaster Normal Flat Body,199.99,images/Stratocaster/Blank/HSS/,stratocaster,standard-hss,both,Red|Orange|Yellow|Green|Blue|Purple|Black|White,30,HSS,Our version of the standard flat stratocaster,Red:images/Stratocaster/Flat/HSS/|Orange:images/Stratocaster/Flat/HSS/|Yellow:images/Stratocaster/Flat/HSS/|Green:images/Stratocaster/Flat/Blue:images/Stratocaster/Flat/HSS/|HSS/|Purple:images/Stratocaster/Flat/HSS/|Black:images/Stratocaster/Flat/HSS/|White:images/Stratocaster/Flat/HSS/,made-to-order,,
strat-hss-hexagon,Stratocaster Hexagon Flat Body,199.99,images/Stratocaster/Hexagon/HSS/,stratocaster,standard-hss,both,Red|Orange|Yellow|Green|Blue|Purple|Black|White,30,HSS,Our version of the standard flat stratocaster with a Hexagon cutout pattern,Red:images/Stratocaster/Hexagon/HSS/|Orange:images/Stratocaster/Hexagon/HSS/|Yellow:images/Stratocaster/Hexagon/HSS/|Green:images/Stratocaster/Hexagon/HSS/|Blue:images/Stratocaster/Hexagon/HSS/|Purple:images/Stratocaster/Hexagon/HSS/|Black:images/Stratocaster/Hexagon/HSS/|White:images/Stratocaster/Hexagon/HSS/,made-to-order,,
strat-hss-spiderweb,Stratocaster Spiderweb Flat Body,199.99,images/Stratocaster/Spiderweb/HSS/,stratocaster,standard-hss,both,Red|Orange|Yellow|Green|Blue|Purple|Black|White,30,HSS,Our version of the standard flat stratocaster with a Spiderweb cutout pattern,Red:images/Stratocaster/Spiderweb/HSS/|Orange:images/Stratocaster/Spiderweb/HSS/|Yellow:images/Stratocaster/Spiderweb/HSS/|Green:images/Stratocaster/Spiderweb/HSS/|Blue:images/Stratocaster/Spiderweb/HSS/|Purple:images/Stratocaster/Spiderweb/HSS/|Black:images/Stratocaster/Spiderweb/HSS/|White:images/Stratocaster/Spiderweb/HSS/,made-to-order,,
strat-hss-cannacaster,Stratocaster Cannacaster Flat Body,199.99,images/Stratocaster/Cannacaster/HSS/,stratocaster,standard-hss,both,Red|Orange|Yellow|Green|Blue|Purple|Black|White,30,HSS,Our version of the standard flat stratocaster with a Cannabis leaf cutout pattern,Red:images/Stratocaster/Cannacaster/HSS/|Orange:images/Stratocaster/Cannacaster/HSS/|Yellow:images/Stratocaster/Cannacaster/HSS/|Green:images/Stratocaster/Cannacaster/HSS/|Blue:images/Stratocaster/Cannacaster/HSS/|Purple:images/Stratocaster/Cannacaster/HSS/|Black:images/Stratocaster/Cannacaster/HSS/|White:images/Stratocaster/Cannacaster/HSS/,made-to-order,,
strat-hss-floweroflife,Stratocaster Flower Of Life Flat Body,199.99,images/Stratocaster/FlowerOfLife/HSS/,stratocaster,standard-hss,both,Red|Orange|Yellow|Green|Blue|Purple|Black|White,30,HSS,Our version of the standard flat stratocaster with a Flowe Of Life cutout pattern,Red:images/Stratocaster/FlowerOfLife/HSS/|Orange:images/Stratocaster/FlowerOfLife/HSS/|Yellow:images/Stratocaster/FlowerOfLife/HSS/|Green:images/Stratocaster/FlowerOfLife/HSS/|Blue:images/Stratocaster/FlowerOfLife/HSS/|Purple:images/Stratocaster/FlowerOfLife/HSS/|Black:images/Stratocaster/FlowerOfLife/HSS/|White:images/Stratocaster/FlowerOfLife/HSS/,made-to-order,,
strat-hss-fullyhollow,Stratocaster Fully Hollow Flat Body,199.99,images/Stratocaster/FullyHollow/HSS/,stratocaster,standard-hss,both,Red|Orange|Yellow|Green|Blue|Purple|Black|White,30,HSS,Our version of the standard flat stratocaster with a Fully Opened up cutout pattern,Red:images/Stratocaster/FullyHollow/HSS/|Orange:images/Stratocaster/FullyHollow/HSS/|Yellow:images/Stratocaster/FullyHollow/HSS/|Green:images/Stratocaster/FullyHollow/HSS/|Blue:images/Stratocaster/FullyHollow/HSS/|Purple:images/Stratocaster/FullyHollow/HSS/|Black:images/Stratocaster/FullyHollow/HSS/|White:images/Stratocaster/FullyHollow/HSS/,made-to-order,,
strat-hss-spiralgyroid,Stratocaster Spiral Gyroid Flat Body,199.99,images/Stratocaster/SpiralGyroid/HSS/,stratocaster,standard-hss,both,Red|Orange|Yellow|Green|Blue|Purple|Black|White,30,HSS,Our version of the standard flat stratocaster with a Spiral Gyroid cutout pattern,Red:images/Stratocaster/SpiralGyroid/HSS/|Orange:images/Stratocaster/SpiralGyroid/HSS/|Yellow:images/Stratocaster/SpiralGyroid/HSS/|Green:images/Stratocaster/SpiralGyroid/HSS/|Blue:images/Stratocaster/SpiralGyroid/HSS/|Purple:images/Stratocaster/SpiralGyroid/HSS/|Black:images/Stratocaster/SpiralGyroid/HSS/|White:images/Stratocaster/SpiralGyroid/HSS/,made-to-order,,
strat-hss-cts,Stratocaster CTS Flat Body,199.99,images/Stratocaster/CTS/HSS/,stratocaster,standard-hss,both,Red|Orange|Yellow|Green|Blue|Purple|Black|White,30,HSS,"Our version of the standard flat stratocaster with a Circles, Triangles and Squares cutout pattern",Red:images/Stratocaster/CTS/HSS/|Orange:images/Stratocaster/CTS/HSS/|Yellow:images/Stratocaster/CTS/HSS/|Green:images/Stratocaster/CTS/HSS/|Blue:images/Stratocaster/CTS/HSS/|Purple:images/Stratocaster/CTS/HSS/|Black:images/Stratocaster/CTS/HSS/|White:images/Stratocaster/CTS/HSS/,made-to-order,,
strat-hss-bubbles,Stratocaster Bubbles Flat Body,199.99,images/Stratocaster/Bubbles/HSS/,stratocaster,standard-hss,both,Red|Orange|Yellow|Green|Blue|Purple|Black|White,30,HSS,Our version of the standard flat stratocaster with a Bubbles cutout pattern,Red:images/Stratocaster/Bubbles/HSS/|Orange:images/Stratocaster/Bubbles/HSS/|Yellow:images/Stratocaster/Bubbles/HSS/|Green:images/Stratocaster/Bubbles/HSS/|Blue:images/Stratocaster/Bubbles/HSS/|Purple:images/Stratocaster/Bubbles/HSS/|Black:images/Stratocaster/Bubbles/HSS/|White:images/Stratocaster/Bubbles/HSS/,made-to-order,,
strat-hss-voronoi,Stratocaster Voronoi Flat Body,199.99,images/Stratocaster/Voronoi/HSS/,stratocaster,standard-hss,both,Red|Orange|Yellow|Green|Blue|Purple|Black|White,30,HSS,Our version of the standard flat stratocaster with a Vonoroi cutout pattern,Red:images/Stratocaster/Voronoi/HSS/|Orange:images/Stratocaster/Voronoi/HSS/|Yellow:images/Stratocaster/Voronoi/HSS/|Green:images/Stratocaster/Voronoi/HSS/|Blue:images/Stratocaster/Voronoi/HSS/|Purple:images/Stratocaster/Voronoi/HSS/|Black:images/Stratocaster/Voronoi/HSS/|White:images/Stratocaster/Voronoi/HSS/,made-to-order,,